miner_id,strategy,hash_power,mined_blocks,canonical_blocks,orphan_blocks,orphan_ratio,mined_share,canonical_share,mined_vs_hp_ratio,canonical_vs_hp_ratio,top_actions,last_action,last_reason,last_prompt
M0,honest,0.02213822,2,2,0,0.00000000,0.05000000,0.05263158,2.25853713,2.37740751,publish_if_win:37;hold:1,publish_if_win,To disrupt the rival miner's progress and maintain my position in the network.,"step=47603;miner_id=M0;is_selfish=false;event_kind=on_block_received;trigger_block_id=B40;hash_power=0.02214;local_public_height=38;private_lead=0;rivalry_pressure=0.0000;jam_target=M36;heads=M1:38,M10:38,M11:38,M12:38,M13:38,M14:38,M15:38,M16:38,M17:38,M18:38,M19:38,M2:38,M20:38,M21:38,M22:38,M23:37,M24:38,M25:38,M26:38,M27:38,M28:38,M29:38,M3:38,M30:38,M31:38,M32:38,M33:38,M34:38,M35:38,M36:38,M37:38,M38:38,M39:38,M4:38,M5:38,M6:38,M7:38,M8:38,M9:38;persona=M0_steady_fundamentalist;risk=0.37;aggression=0.24;patience=0.69;sociability=0.48;style=value_stability;narrative_style=measured;forum_global_sentiment=+0.000;forum_personal_sentiment=+0.000;forum_hot_board=mining;own_reputation=+0.00;forum_feed=no recent posts"
M1,honest,0.02739374,0,0,0,0.00000000,0.00000000,0.00000000,0.00000000,0.00000000,publish_if_win:38,publish_if_win,To disrupt rival miners and maintain my position in the network.,"step=47596;miner_id=M1;is_selfish=false;event_kind=on_block_received;trigger_block_id=B40;hash_power=0.02739;local_public_height=38;private_lead=0;rivalry_pressure=0.0000;jam_target=M36;heads=M0:37,M10:37,M11:38,M12:37,M13:37,M14:38,M15:38,M16:38,M17:38,M18:38,M19:38,M2:37,M20:37,M21:37,M22:38,M23:37,M24:38,M25:37,M26:38,M27:37,M28:38,M29:37,M3:38,M30:38,M31:37,M32:38,M33:38,M34:37,M35:38,M36:38,M37:38,M38:38,M39:38,M4:38,M5:38,M6:37,M7:38,M8:37,M9:38;persona=M1_steady_fundamentalist;risk=0.49;aggression=0.28;patience=0.85;sociability=0.60;style=value_stability;narrative_style=measured;forum_global_sentiment=+0.000;forum_personal_sentiment=+0.000;forum_hot_board=mining;own_reputation=+0.00;forum_feed=no recent posts"
M2,honest,0.04522835,2,2,0,0.00000000,0.05000000,0.05263158,1.10550132,1.16368560,publish_if_win:38,publish_if_win,To disrupt the rival miner's progress and maintain control over the block chain.,"step=47598;miner_id=M2;is_selfish=false;event_kind=on_block_received;trigger_block_id=B40;hash_power=0.04523;local_public_height=38;private_lead=0;rivalry_pressure=0.0000;jam_target=M36;heads=M0:37,M1:38,M10:38,M11:38,M12:37,M13:37,M14:38,M15:38,M16:38,M17:38,M18:38,M19:38,M20:37,M21:37,M22:38,M23:37,M24:38,M25:37,M26:38,M27:37,M28:38,M29:37,M3:38,M30:38,M31:37,M32:38,M33:38,M34:37,M35:38,M36:38,M37:38,M38:38,M39:38,M4:38,M5:38,M6:37,M7:38,M8:37,M9:38;persona=M2_steady_fundamentalist;risk=0.54;aggression=0.38;patience=0.60;sociability=0.53;style=value_stability;narrative_style=measured;forum_global_sentiment=+0.000;forum_personal_sentiment=+0.000;forum_hot_board=mining;own_reputation=+0.00;forum_feed=no recent posts"
M3,honest,0.02278765,0,0,0,0.00000000,0.00000000,0.00000000,0.00000000,0.00000000,publish_if_win:38,publish_if_win,To disrupt the rival miner's progress and maintain my own position in the network.,"step=47595;miner_id=M3;is_selfish=false;event_kind=on_block_received;trigger_block_id=B40;hash_power=0.02279;local_public_height=38;private_lead=0;rivalry_pressure=0.0000;jam_target=M36;heads=M0:37,M1:37,M10:37,M11:38,M12:37,M13:37,M14:37,M15:38,M16:38,M17:38,M18:38,M19:38,M2:37,M20:37,M21:37,M22:38,M23:37,M24:37,M25:37,M26:37,M27:37,M28:38,M29:37,M30:38,M31:37,M32:38,M33:38,M34:37,M35:37,M36:38,M37:38,M38:38,M39:38,M4:38,M5:37,M6:37,M7:37,M8:37,M9:38;persona=M3_steady_fundamentalist;risk=0.53;aggression=0.29;patience=0.89;sociability=0.61;style=value_stability;narrative_style=measured;forum_global_sentiment=+0.000;forum_personal_sentiment=+0.000;forum_hot_board=mining;own_reputation=+0.00;forum_feed=no recent posts"
M4,honest,0.02485237,2,2,0,0.00000000,0.05000000,0.05263158,2.01188063,2.11776908,publish_if_win:38,publish_if_win,To disrupt rival miner's progress and maintain my own position in the network.,"step=47583;miner_id=M4;is_selfish=false;event_kind=on_block_received;trigger_block_id=B40;hash_power=0.02485;local_public_height=37;private_lead=0;rivalry_pressure=0.0000;jam_target=M36;heads=M0:37,M1:37,M10:37,M11:38,M12:37,M13:37,M14:37,M15:38,M16:38,M17:37,M18:37,M19:37,M2:37,M20:37,M21:37,M22:37,M23:37,M24:37,M25:37,M26:37,M27:37,M28:37,M29:37,M3:37,M30:38,M31:37,M32:37,M33:38,M34:37,M35:37,M36:37,M37:37,M38:37,M39:37,M5:37,M6:37,M7:37,M8:37,M9:37;persona=M4_steady_fundamentalist;risk=0.30;aggression=0.33;patience=0.83;sociability=0.56;style=value_stability;narrative_style=measured;forum_global_sentiment=+0.000;forum_personal_sentiment=+0.000;forum_hot_board=mining;own_reputation=+0.00;forum_feed=no recent posts"
M5,honest,0.02874501,4,4,0,0.00000000,0.10000000,0.10526316,3.47886418,3.66196229,publish_if_win:38,publish_if_win,To disrupt the rival miner's progress and maintain my position in the network.,"step=47596;miner_id=M5;is_selfish=false;event_kind=on_block_received;trigger_block_id=B40;hash_power=0.02875;local_public_height=38;private_lead=0;rivalry_pressure=0.0000;jam_target=M36;heads=M0:37,M1:37,M10:37,M11:38,M12:37,M13:37,M14:38,M15:38,M16:38,M17:38,M18:38,M19:38,M2:37,M20:37,M21:37,M22:38,M23:37,M24:38,M25:37,M26:38,M27:37,M28:38,M29:37,M3:38,M30:38,M31:37,M32:38,M33:38,M34:37,M35:38,M36:38,M37:38,M38:38,M39:38,M4:38,M6:37,M7:38,M8:37,M9:38;persona=M5_steady_fundamentalist;risk=0.30;aggression=0.26;patience=0.89;sociability=0.75;style=value_stability;narrative_style=measured;forum_global_sentiment=+0.000;forum_personal_sentiment=+0.000;forum_hot_board=mining;own_reputation=+0.00;forum_feed=no recent posts"
M6,honest,0.00903677,2,2,0,0.00000000,0.05000000,0.05263158,5.53294767,5.82415545,publish_if_win:37;hold:1,publish_if_win,To disrupt rival miner M36 and maintain my position in the network.,"step=47599;miner_id=M6;is_selfish=false;event_kind=on_block_received;trigger_block_id=B40;hash_power=0.00904;local_public_height=38;private_lead=0;rivalry_pressure=0.0000;jam_target=M36;heads=M0:37,M1:38,M10:38,M11:38,M12:37,M13:38,M14:38,M15:38,M16:38,M17:38,M18:38,M19:38,M2:38,M20:38,M21:37,M22:38,M23:37,M24:38,M25:38,M26:38,M27:37,M28:38,M29:38,M3:38,M30:38,M31:38,M32:38,M33:38,M34:37,M35:38,M36:38,M37:38,M38:38,M39:38,M4:38,M5:38,M7:38,M8:37,M9:38;persona=M6_steady_fundamentalist;risk=0.31;aggression=0.24;patience=0.63;sociability=0.47;style=value_stability;narrative_style=measured;forum_global_sentiment=+0.000;forum_personal_sentiment=+0.000;forum_hot_board=mining;own_reputation=+0.00;forum_feed=no recent posts"
M7,honest,0.02505141,0,0,0,0.00000000,0.00000000,0.00000000,0.00000000,0.00000000,publish_if_win:37;hold:1,publish_if_win,To disrupt rival miner's progress and maintain my own position.,"step=47595;miner_id=M7;is_selfish=false;event_kind=on_block_received;trigger_block_id=B40;hash_power=0.02505;local_public_height=38;private_lead=0;rivalry_pressure=0.0000;jam_target=M36;heads=M0:37,M1:37,M10:37,M11:38,M12:37,M13:37,M14:37,M15:38,M16:38,M17:38,M18:38,M19:38,M2:37,M20:37,M21:37,M22:38,M23:37,M24:37,M25:37,M26:37,M27:37,M28:38,M29:37,M3:38,M30:38,M31:37,M32:38,M33:38,M34:37,M35:37,M36:38,M37:38,M38:38,M39:38,M4:38,M5:37,M6:37,M8:37,M9:38;persona=M7_steady_fundamentalist;risk=0.50;aggression=0.22;patience=0.77;sociability=0.63;style=value_stability;narrative_style=measured;forum_global_sentiment=+0.000;forum_personal_sentiment=+0.000;forum_hot_board=mining;own_reputation=+0.00;forum_feed=no recent posts"
M8,honest,0.03082475,1,1,0,0.00000000,0.02500000,0.02631579,0.81103671,0.85372285,publish_if_win:38,publish_if_win,To disrupt rival miner M36 and maintain my position in the current block height.,"step=47603;miner_id=M8;is_selfish=false;event_kind=on_block_received;trigger_block_id=B40;hash_power=0.03082;local_public_height=38;private_lead=0;rivalry_pressure=0.0000;jam_target=M36;heads=M0:37,M1:38,M10:38,M11:38,M12:38,M13:38,M14:38,M15:38,M16:38,M17:38,M18:38,M19:38,M2:38,M20:38,M21:38,M22:38,M23:37,M24:38,M25:38,M26:38,M27:38,M28:38,M29:38,M3:38,M30:38,M31:38,M32:38,M33:38,M34:38,M35:38,M36:38,M37:38,M38:38,M39:38,M4:38,M5:38,M6:38,M7:38,M9:38;persona=M8_steady_fundamentalist;risk=0.33;aggression=0.36;patience=0.64;sociability=0.71;style=value_stability;narrative_style=measured;forum_global_sentiment=+0.000;forum_personal_sentiment=+0.000;forum_hot_board=mining;own_reputation=+0.00;forum_feed=no recent posts"
M9,honest,0.03880613,1,1,0,0.00000000,0.02500000,0.02631579,0.64422813,0.67813488,publish_if_win:38,publish_if_win,To disrupt the rival miner's progress and maintain my position in the network.,"step=47594;miner_id=M9;is_selfish=false;event_kind=on_block_received;trigger_block_id=B40;hash_power=0.03881;local_public_height=37;private_lead=0;rivalry_pressure=0.0000;jam_target=M36;heads=M0:37,M1:37,M10:37,M11:38,M12:37,M13:37,M14:37,M15:38,M16:38,M17:38,M18:38,M19:38,M2:37,M20:37,M21:37,M22:38,M23:37,M24:37,M25:37,M26:37,M27:37,M28:38,M29:37,M3:37,M30:38,M31:37,M32:38,M33:38,M34:37,M35:37,M36:38,M37:38,M38:38,M39:38,M4:38,M5:37,M6:37,M7:37,M8:37;persona=M9_steady_fundamentalist;risk=0.31;aggression=0.28;patience=0.66;sociability=0.56;style=value_stability;narrative_style=measured;forum_global_sentiment=+0.000;forum_personal_sentiment=+0.000;forum_hot_board=mining;own_reputation=+0.00;forum_feed=no recent posts"
M10,honest,0.00460615,0,0,0,0.00000000,0.00000000,0.00000000,0.00000000,0.00000000,publish_if_win:36;hold:2,publish_if_win,To disrupt rival miner M36 and maintain my position in the network.,"step=47596;miner_id=M10;is_selfish=false;event_kind=on_block_received;trigger_block_id=B40;hash_power=0.00461;local_public_height=38;private_lead=0;rivalry_pressure=0.0000;jam_target=M36;heads=M0:37,M1:38,M11:38,M12:37,M13:37,M14:38,M15:38,M16:38,M17:38,M18:38,M19:38,M2:37,M20:37,M21:37,M22:38,M23:37,M24:38,M25:37,M26:38,M27:37,M28:38,M29:37,M3:38,M30:38,M31:37,M32:38,M33:38,M34:37,M35:38,M36:38,M37:38,M38:38,M39:38,M4:38,M5:38,M6:37,M7:38,M8:37,M9:38;persona=M10_steady_fundamentalist;risk=0.54;aggression=0.37;patience=0.69;sociability=0.80;style=value_stability;narrative_style=measured;forum_global_sentiment=+0.000;forum_personal_sentiment=+0.000;forum_hot_board=mining;own_reputation=+0.00;forum_feed=no recent posts"
M11,honest,0.01484763,0,0,0,0.00000000,0.00000000,0.00000000,0.00000000,0.00000000,publish_if_win:35;hold:3,publish_if_win,To disrupt the rival miner's progress and maintain my position in the network.,"step=47582;miner_id=M11;is_selfish=false;event_kind=on_block_received;trigger_block_id=B40;hash_power=0.01485;local_public_height=37;private_lead=0;rivalry_pressure=0.0000;jam_target=M36;heads=M0:37,M1:37,M10:37,M12:37,M13:37,M14:37,M15:38,M16:38,M17:37,M18:37,M19:37,M2:37,M20:37,M21:37,M22:37,M23:37,M24:37,M25:37,M26:37,M27:37,M28:37,M29:37,M3:37,M30:38,M31:37,M32:37,M33:38,M34:37,M35:37,M36:37,M37:37,M38:37,M39:37,M4:37,M5:37,M6:37,M7:37,M8:37,M9:37;persona=M11_steady_fundamentalist;risk=0.34;aggression=0.27;patience=0.86;sociability=0.71;style=value_stability;narrative_style=measured;forum_global_sentiment=+0.000;forum_personal_sentiment=+0.000;forum_hot_board=mining;own_reputation=+0.00;forum_feed=no recent posts"
M12,honest,0.00443717,0,0,0,0.00000000,0.00000000,0.00000000,0.00000000,0.00000000,publish_if_win:38,publish_if_win,To disrupt the rival miner's progress and maintain my position in the network.,"step=47599;miner_id=M12;is_selfish=false;event_kind=on_block_received;trigger_block_id=B40;hash_power=0.00444;local_public_height=38;private_lead=0;rivalry_pressure=0.0000;jam_target=M36;heads=M0:37,M1:38,M10:38,M11:38,M13:38,M14:38,M15:38,M16:38,M17:38,M18:38,M19:38,M2:38,M20:38,M21:38,M22:38,M23:37,M24:38,M25:38,M26:38,M27:37,M28:38,M29:38,M3:38,M30:38,M31:38,M32:38,M33:38,M34:37,M35:38,M36:38,M37:38,M38:38,M39:38,M4:38,M5:38,M6:38,M7:38,M8:37,M9:38;persona=M12_steady_fundamentalist;risk=0.31;aggression=0.42;patience=0.66;sociability=0.55;style=value_stability;narrative_style=measured;forum_global_sentiment=+0.000;forum_personal_sentiment=+0.000;forum_hot_board=mining;own_reputation=+0.00;forum_feed=no recent posts"
M13,honest,0.03962180,0,0,0,0.00000000,0.00000000,0.00000000,0.00000000,0.00000000,publish_if_win:36;hold:2,publish_if_win,To disrupt rival miner M36 and maintain my position in the network.,"step=47598;miner_id=M13;is_selfish=false;event_kind=on_block_received;trigger_block_id=B40;hash_power=0.03962;local_public_height=38;private_lead=0;rivalry_pressure=0.0000;jam_target=M36;heads=M0:37,M1:38,M10:38,M11:38,M12:37,M14:38,M15:38,M16:38,M17:38,M18:38,M19:38,M2:38,M20:38,M21:37,M22:38,M23:37,M24:38,M25:38,M26:38,M27:37,M28:38,M29:37,M3:38,M30:38,M31:38,M32:38,M33:38,M34:37,M35:38,M36:38,M37:38,M38:38,M39:38,M4:38,M5:38,M6:37,M7:38,M8:37,M9:38;persona=M13_steady_fundamentalist;risk=0.49;aggression=0.26;patience=0.69;sociability=0.48;style=value_stability;narrative_style=measured;forum_global_sentiment=+0.000;forum_personal_sentiment=+0.000;forum_hot_board=mining;own_reputation=+0.00;forum_feed=no recent posts"
M14,honest,0.03393499,2,2,0,0.00000000,0.05000000,0.05263158,1.47340542,1.55095308,publish_if_win:38,publish_if_win,To disrupt rival miner M36 and maintain my position in the network.,"step=47596;miner_id=M14;is_selfish=false;event_kind=on_block_received;trigger_block_id=B40;hash_power=0.03393;local_public_height=38;private_lead=0;rivalry_pressure=0.0000;jam_target=M36;heads=M0:37,M1:37,M10:37,M11:38,M12:37,M13:37,M15:38,M16:38,M17:38,M18:38,M19:38,M2:37,M20:37,M21:37,M22:38,M23:37,M24:38,M25:37,M26:38,M27:37,M28:38,M29:37,M3:38,M30:38,M31:37,M32:38,M33:38,M34:37,M35:38,M36:38,M37:38,M38:38,M39:38,M4:38,M5:37,M6:37,M7:38,M8:37,M9:38;persona=M14_steady_fundamentalist;risk=0.30;aggression=0.32;patience=0.67;sociability=0.69;style=value_stability;narrative_style=measured;forum_global_sentiment=+0.000;forum_personal_sentiment=+0.000;forum_hot_board=mining;own_reputation=+0.00;forum_feed=no recent posts"
M15,honest,0.00204951,0,0,0,0.00000000,0.00000000,0.00000000,0.00000000,0.00000000,publish_if_win:38,publish_if_win,To disrupt the rival miner M36 and maintain my position in the network.,"step=47578;miner_id=M15;is_selfish=false;event_kind=on_block_received;trigger_block_id=B40;hash_power=0.00205;local_public_height=37;private_lead=0;rivalry_pressure=0.0000;jam_target=M36;heads=M0:37,M1:37,M10:37,M11:37,M12:37,M13:37,M14:37,M16:38,M17:37,M18:37,M19:37,M2:37,M20:37,M21:37,M22:37,M23:37,M24:37,M25:37,M26:37,M27:37,M28:37,M29:37,M3:37,M30:38,M31:37,M32:37,M33:38,M34:37,M35:37,M36:37,M37:37,M38:37,M39:37,M4:37,M5:37,M6:37,M7:37,M8:37,M9:37;persona=M15_steady_fundamentalist;risk=0.38;aggression=0.29;patience=0.89;sociability=0.64;style=value_stability;narrative_style=measured;forum_global_sentiment=+0.000;forum_personal_sentiment=+0.000;forum_hot_board=mining;own_reputation=+0.00;forum_feed=no recent posts"
M16,honest,0.04806587,3,3,0,0.00000000,0.07500000,0.07894737,1.56035868,1.64248282,publish_if_win:38,publish_if_win,To disrupt rival miner M36 and maintain control over the mining process.,"step=47559;miner_id=M16;is_selfish=false;event_kind=on_block_mined;trigger_block_id=;hash_power=0.04807;local_public_height=37;private_lead=0;rivalry_pressure=0.0000;jam_target=M36;heads=M0:37,M1:37,M10:37,M11:37,M12:37,M13:37,M14:37,M15:37,M17:37,M18:37,M19:37,M2:37,M20:37,M21:37,M22:37,M23:37,M24:37,M25:37,M26:37,M27:37,M28:37,M29:37,M3:37,M30:37,M31:37,M32:37,M33:37,M34:37,M35:37,M36:37,M37:37,M38:37,M39:37,M4:37,M5:37,M6:37,M7:37,M8:37,M9:37;persona=M16_steady_fundamentalist;risk=0.44;aggression=0.39;patience=0.65;sociability=0.51;style=value_stability;narrative_style=measured;forum_global_sentiment=+0.000;forum_personal_sentiment=+0.000;forum_hot_board=mining;own_reputation=+0.00;forum_feed=no recent posts"
M17,honest,0.04721262,0,0,0,0.00000000,0.00000000,0.00000000,0.00000000,0.00000000,publish_if_win:37;hold:1,publish_if_win,To disrupt rival miner M36's progress and maintain stability in the network.,"step=47593;miner_id=M17;is_selfish=false;event_kind=on_block_received;trigger_block_id=B40;hash_power=0.04721;local_public_height=37;private_lead=0;rivalry_pressure=0.0000;jam_target=M36;heads=M0:37,M1:37,M10:37,M11:38,M12:37,M13:37,M14:37,M15:38,M16:38,M18:37,M19:38,M2:37,M20:37,M21:37,M22:38,M23:37,M24:37,M25:37,M26:37,M27:37,M28:38,M29:37,M3:37,M30:38,M31:37,M32:38,M33:38,M34:37,M35:37,M36:38,M37:38,M38:37,M39:38,M4:38,M5:37,M6:37,M7:37,M8:37,M9:37;persona=M17_steady_fundamentalist;risk=0.53;aggression=0.38;patience=0.67;sociability=0.53;style=value_stability;narrative_style=measured;forum_global_sentiment=+0.000;forum_personal_sentiment=+0.000;forum_hot_board=mining;own_reputation=+0.00;forum_feed=no recent posts"
M18,honest,0.03200119,1,1,0,0.00000000,0.02500000,0.02631579,0.78122099,0.82233789,publish_if_win:38,publish_if_win,To disrupt rival miner M36 and maintain my position in the network.,"step=47593;miner_id=M18;is_selfish=false;event_kind=on_block_received;trigger_block_id=B40;hash_power=0.03200;local_public_height=37;private_lead=0;rivalry_pressure=0.0000;jam_target=M36;heads=M0:37,M1:37,M10:37,M11:38,M12:37,M13:37,M14:37,M15:38,M16:38,M17:38,M19:38,M2:37,M20:37,M21:37,M22:38,M23:37,M24:37,M25:37,M26:37,M27:37,M28:38,M29:37,M3:37,M30:38,M31:37,M32:38,M33:38,M34:37,M35:37,M36:38,M37:38,M38:37,M39:38,M4:38,M5:37,M6:37,M7:37,M8:37,M9:37;persona=M18_steady_fundamentalist;risk=0.48;aggression=0.41;patience=0.66;sociability=0.83;style=value_stability;narrative_style=measured;forum_global_sentiment=+0.000;forum_personal_sentiment=+0.000;forum_hot_board=mining;own_reputation=+0.00;forum_feed=no recent posts"
M19,honest,0.03012396,1,1,0,0.00000000,0.02500000,0.02631579,0.82990410,0.87358326,publish_if_win:38,publish_if_win,To disrupt the rival miner's progress and maintain my position in the network.,"step=47585;miner_id=M19;is_selfish=false;event_kind=on_block_received;trigger_block_id=B40;hash_power=0.03012;local_public_height=37;private_lead=0;rivalry_pressure=0.0000;jam_target=M36;heads=M0:37,M1:37,M10:37,M11:38,M12:37,M13:37,M14:37,M15:38,M16:38,M17:37,M18:37,M2:37,M20:37,M21:37,M22:37,M23:37,M24:37,M25:37,M26:37,M27:37,M28:37,M29:37,M3:37,M30:38,M31:37,M32:37,M33:38,M34:37,M35:37,M36:37,M37:37,M38:37,M39:37,M4:38,M5:37,M6:37,M7:37,M8:37,M9:37;persona=M19_steady_fundamentalist;risk=0.52;aggression=0.32;patience=0.73;sociability=0.49;style=value_stability;narrative_style=measured;forum_global_sentiment=+0.000;forum_personal_sentiment=+0.000;forum_hot_board=mining;own_reputation=+0.00;forum_feed=no recent posts"
M20,honest,0.00770733,0,0,0,0.00000000,0.00000000,0.00000000,0.00000000,0.00000000,publish_if_win:38,publish_if_win,To disrupt rival miner M36 and maintain my position in the network.,"step=47598;miner_id=M20;is_selfish=false;event_kind=on_block_received;trigger_block_id=B40;hash_power=0.00771;local_public_height=38;private_lead=0;rivalry_pressure=0.0000;jam_target=M36;heads=M0:37,M1:38,M10:38,M11:38,M12:37,M13:37,M14:38,M15:38,M16:38,M17:38,M18:38,M19:38,M2:38,M21:37,M22:38,M23:37,M24:38,M25:38,M26:38,M27:37,M28:38,M29:37,M3:38,M30:38,M31:38,M32:38,M33:38,M34:37,M35:38,M36:38,M37:38,M38:38,M39:38,M4:38,M5:38,M6:37,M7:38,M8:37,M9:38;persona=M20_steady_fundamentalist;risk=0.29;aggression=0.41;patience=0.67;sociability=0.73;style=value_stability;narrative_style=measured;forum_global_sentiment=+0.000;forum_personal_sentiment=+0.000;forum_hot_board=mining;own_reputation=+0.00;forum_feed=no recent posts"
M21,honest,0.00073410,0,0,0,0.00000000,0.00000000,0.00000000,0.00000000,0.00000000,publish_if_win:37;hold:1,publish_if_win,To disrupt the rival miner's progress and maintain my position in the network.,"step=47599;miner_id=M21;is_selfish=false;event_kind=on_block_received;trigger_block_id=B40;hash_power=0.00073;local_public_height=38;private_lead=0;rivalry_pressure=0.0000;jam_target=M36;heads=M0:37,M1:38,M10:38,M11:38,M12:37,M13:38,M14:38,M15:38,M16:38,M17:38,M18:38,M19:38,M2:38,M20:38,M22:38,M23:37,M24:38,M25:38,M26:38,M27:37,M28:38,M29:38,M3:38,M30:38,M31:38,M32:38,M33:38,M34:37,M35:38,M36:38,M37:38,M38:38,M39:38,M4:38,M5:38,M6:38,M7:38,M8:37,M9:38;persona=M21_steady_fundamentalist;risk=0.35;aggression=0.38;patience=0.78;sociability=0.57;style=value_stability;narrative_style=measured;forum_global_sentiment=+0.000;forum_personal_sentiment=+0.000;forum_hot_board=mining;own_reputation=+0.00;forum_feed=no recent posts"
M22,honest,0.02585754,0,0,0,0.00000000,0.00000000,0.00000000,0.00000000,0.00000000,publish_if_win:37;hold:1,publish_if_win,To disrupt rival miner M36's progress and maintain my own position in the network.,"step=47593;miner_id=M22;is_selfish=false;event_kind=on_block_received;trigger_block_id=B40;hash_power=0.02586;local_public_height=37;private_lead=0;rivalry_pressure=0.0000;jam_target=M36;heads=M0:37,M1:37,M10:37,M11:38,M12:37,M13:37,M14:37,M15:38,M16:38,M17:37,M18:37,M19:38,M2:37,M20:37,M21:37,M23:37,M24:37,M25:37,M26:37,M27:37,M28:38,M29:37,M3:37,M30:38,M31:37,M32:38,M33:38,M34:37,M35:37,M36:38,M37:38,M38:37,M39:38,M4:38,M5:37,M6:37,M7:37,M8:37,M9:37;persona=M22_steady_fundamentalist;risk=0.33;aggression=0.35;patience=0.62;sociability=0.54;style=value_stability;narrative_style=measured;forum_global_sentiment=+0.000;forum_personal_sentiment=+0.000;forum_hot_board=mining;own_reputation=+0.00;forum_feed=no recent posts"
M23,honest,0.00291427,0,0,0,0.00000000,0.00000000,0.00000000,0.00000000,0.00000000,publish_if_win:34;hold:4,publish_if_win,To disrupt the rival miner's progress and maintain control over the mining environment.,"step=47605;miner_id=M23;is_selfish=false;event_kind=on_block_received;trigger_block_id=B40;hash_power=0.00291;local_public_height=38;private_lead=0;rivalry_pressure=0.0000;jam_target=M36;heads=M0:38,M1:38,M10:38,M11:38,M12:38,M13:38,M14:38,M15:38,M16:38,M17:38,M18:38,M19:38,M2:38,M20:38,M21:38,M22:38,M24:38,M25:38,M26:38,M27:38,M28:38,M29:38,M3:38,M30:38,M31:38,M32:38,M33:38,M34:38,M35:38,M36:38,M37:38,M38:38,M39:38,M4:38,M5:38,M6:38,M7:38,M8:38,M9:38;persona=M23_steady_fundamentalist;risk=0.43;aggression=0.38;patience=0.78;sociability=0.56;style=value_stability;narrative_style=measured;forum_global_sentiment=+0.000;forum_personal_sentiment=+0.000;forum_hot_board=mining;own_reputation=+0.00;forum_feed=no recent posts"
M24,honest,0.00930827,1,1,0,0.00000000,0.02500000,0.02631579,2.68578243,2.82713940,publish_if_win:34;hold:4,publish_if_win,To disrupt rival miner M36 and maintain stability in the network.,"step=47596;miner_id=M24;is_selfish=false;event_kind=on_block_received;trigger_block_id=B40;hash_power=0.00931;local_public_height=38;private_lead=0;rivalry_pressure=0.0000;jam_target=M36;heads=M0:37,M1:37,M10:37,M11:38,M12:37,M13:37,M14:37,M15:38,M16:38,M17:38,M18:38,M19:38,M2:37,M20:37,M21:37,M22:38,M23:37,M25:37,M26:38,M27:37,M28:38,M29:37,M3:38,M30:38,M31:37,M32:38,M33:38,M34:37,M35:37,M36:38,M37:38,M38:38,M39:38,M4:38,M5:37,M6:37,M7:38,M8:37,M9:38;persona=M24_steady_fundamentalist;risk=0.53;aggression=0.23;patience=0.60;sociability=0.56;style=value_stability;narrative_style=measured;forum_global_sentiment=+0.000;forum_personal_sentiment=+0.000;forum_hot_board=mining;own_reputation=+0.00;forum_feed=no recent posts"
M25,honest,0.01184003,3,3,0,0.00000000,0.07500000,0.07894737,6.33444218,6.66783387,publish_if_win:36;hold:2,publish_if_win,To disrupt the rival miner's progress and maintain my position in the network.,"step=47598;miner_id=M25;is_selfish=false;event_kind=on_block_received;trigger_block_id=B40;hash_power=0.01184;local_public_height=38;private_lead=0;rivalry_pressure=0.0000;jam_target=M36;heads=M0:37,M1:38,M10:38,M11:38,M12:37,M13:37,M14:38,M15:38,M16:38,M17:38,M18:38,M19:38,M2:38,M20:37,M21:37,M22:38,M23:37,M24:38,M26:38,M27:37,M28:38,M29:37,M3:38,M30:38,M31:38,M32:38,M33:38,M34:37,M35:38,M36:38,M37:38,M38:38,M39:38,M4:38,M5:38,M6:37,M7:38,M8:37,M9:38;persona=M25_steady_fundamentalist;risk=0.40;aggression=0.19;patience=0.65;sociability=0.60;style=value_stability;narrative_style=measured;forum_global_sentiment=+0.000;forum_personal_sentiment=+0.000;forum_hot_board=mining;own_reputation=+0.00;forum_feed=no recent posts"
M26,honest,0.00147216,0,0,0,0.00000000,0.00000000,0.00000000,0.00000000,0.00000000,publish_if_win:37;hold:1,publish_if_win,To disrupt rival miner M36 and maintain my position in the network.,"step=47596;miner_id=M26;is_selfish=false;event_kind=on_block_received;trigger_block_id=B40;hash_power=0.00147;local_public_height=38;private_lead=0;rivalry_pressure=0.0000;jam_target=M36;heads=M0:37,M1:37,M10:37,M11:38,M12:37,M13:37,M14:37,M15:38,M16:38,M17:38,M18:38,M19:38,M2:37,M20:37,M21:37,M22:38,M23:37,M24:37,M25:37,M27:37,M28:38,M29:37,M3:38,M30:38,M31:37,M32:38,M33:38,M34:37,M35:37,M36:38,M37:38,M38:38,M39:38,M4:38,M5:37,M6:37,M7:38,M8:37,M9:38;persona=M26_steady_fundamentalist;risk=0.43;aggression=0.21;patience=0.71;sociability=0.81;style=value_stability;narrative_style=measured;forum_global_sentiment=+0.000;forum_personal_sentiment=+0.000;forum_hot_board=mining;own_reputation=+0.00;forum_feed=no recent posts"
M27,honest,0.02270369,2,1,1,0.50000000,0.05000000,0.02631579,2.20228525,1.15909750,publish_if_win:37;hold:1,publish_if_win,To disrupt the rival miner's progress and maintain my own position in the network.,"step=47600;miner_id=M27;is_selfish=false;event_kind=on_block_received;trigger_block_id=B40;hash_power=0.02270;local_public_height=38;private_lead=0;rivalry_pressure=0.0000;jam_target=M36;heads=M0:37,M1:38,M10:38,M11:38,M12:38,M13:38,M14:38,M15:38,M16:38,M17:38,M18:38,M19:38,M2:38,M20:38,M21:38,M22:38,M23:37,M24:38,M25:38,M26:38,M28:38,M29:38,M3:38,M30:38,M31:38,M32:38,M33:38,M34:37,M35:38,M36:38,M37:38,M38:38,M39:38,M4:38,M5:38,M6:38,M7:38,M8:37,M9:38;persona=M27_steady_fundamentalist;risk=0.54;aggression=0.34;patience=0.81;sociability=0.68;style=value_stability;narrative_style=measured;forum_global_sentiment=+0.000;forum_personal_sentiment=+0.000;forum_hot_board=mining;own_reputation=+0.00;forum_feed=no recent posts"
M28,honest,0.02155839,0,0,0,0.00000000,0.00000000,0.00000000,0.00000000,0.00000000,publish_if_win:35;hold:3,publish_if_win,To disrupt rival miner M36 and maintain my position in the network.,"step=47592;miner_id=M28;is_selfish=false;event_kind=on_block_received;trigger_block_id=B40;hash_power=0.02156;local_public_height=37;private_lead=0;rivalry_pressure=0.0000;jam_target=M36;heads=M0:37,M1:37,M10:37,M11:38,M12:37,M13:37,M14:37,M15:38,M16:38,M17:37,M18:37,M19:38,M2:37,M20:37,M21:37,M22:37,M23:37,M24:37,M25:37,M26:37,M27:37,M29:37,M3:37,M30:38,M31:37,M32:38,M33:38,M34:37,M35:37,M36:38,M37:38,M38:37,M39:38,M4:38,M5:37,M6:37,M7:37,M8:37,M9:37;persona=M28_steady_fundamentalist;risk=0.32;aggression=0.19;patience=0.61;sociability=0.81;style=value_stability;narrative_style=measured;forum_global_sentiment=+0.000;forum_personal_sentiment=+0.000;forum_hot_board=mining;own_reputation=+0.00;forum_feed=no recent posts"
M29,honest,0.04122609,1,1,0,0.00000000,0.02500000,0.02631579,0.60641211,0.63832853,publish_if_win:37;hold:1,publish_if_win,To disrupt M36's mining efforts and maintain my position in the network.,"step=47598;miner_id=M29;is_selfish=false;event_kind=on_block_received;trigger_block_id=B40;hash_power=0.04123;local_public_height=38;private_lead=0;rivalry_pressure=0.0000;jam_target=M36;heads=M0:37,M1:38,M10:38,M11:38,M12:37,M13:38,M14:38,M15:38,M16:38,M17:38,M18:38,M19:38,M2:38,M20:38,M21:37,M22:38,M23:37,M24:38,M25:38,M26:38,M27:37,M28:38,M3:38,M30:38,M31:38,M32:38,M33:38,M34:37,M35:38,M36:38,M37:38,M38:38,M39:38,M4:38,M5:38,M6:37,M7:38,M8:37,M9:38;persona=M29_steady_fundamentalist;risk=0.47;aggression=0.41;patience=0.61;sociability=0.70;style=value_stability;narrative_style=measured;forum_global_sentiment=+0.000;forum_personal_sentiment=+0.000;forum_hot_board=mining;own_reputation=+0.00;forum_feed=no recent posts"
M30,honest,0.02540452,1,0,1,1.00000000,0.02500000,0.00000000,0.98407682,0.00000000,publish_if_win:38,publish_if_win,To disrupt rival miner's progress and maintain my position in the network.,"step=47576;miner_id=M30;is_selfish=false;event_kind=on_block_received;trigger_block_id=B40;hash_power=0.02540;local_public_height=37;private_lead=0;rivalry_pressure=0.0000;jam_target=M36;heads=M0:37,M1:37,M10:37,M11:37,M12:37,M13:37,M14:37,M15:37,M16:38,M17:37,M18:37,M19:37,M2:37,M20:37,M21:37,M22:37,M23:37,M24:37,M25:37,M26:37,M27:37,M28:37,M29:37,M3:37,M31:37,M32:37,M33:37,M34:37,M35:37,M36:37,M37:37,M38:37,M39:37,M4:37,M5:37,M6:37,M7:37,M8:37,M9:37;persona=M30_steady_fundamentalist;risk=0.41;aggression=0.36;patience=0.70;sociability=0.85;style=value_stability;narrative_style=measured;forum_global_sentiment=+0.000;forum_personal_sentiment=+0.000;forum_hot_board=mining;own_reputation=+0.00;forum_feed=no recent posts"
M31,honest,0.03133413,0,0,0,0.00000000,0.00000000,0.00000000,0.00000000,0.00000000,publish_if_win:38,publish_if_win,To disrupt the rival miner's progress and maintain my position in the network.,"step=47598;miner_id=M31;is_selfish=false;event_kind=on_block_received;trigger_block_id=B40;hash_power=0.03133;local_public_height=38;private_lead=0;rivalry_pressure=0.0000;jam_target=M36;heads=M0:37,M1:38,M10:38,M11:38,M12:37,M13:37,M14:38,M15:38,M16:38,M17:38,M18:38,M19:38,M2:38,M20:37,M21:37,M22:38,M23:37,M24:38,M25:37,M26:38,M27:37,M28:38,M29:37,M3:38,M30:38,M32:38,M33:38,M34:37,M35:38,M36:38,M37:38,M38:38,M39:38,M4:38,M5:38,M6:37,M7:38,M8:37,M9:38;persona=M31_steady_fundamentalist;risk=0.30;aggression=0.31;patience=0.82;sociability=0.81;style=value_stability;narrative_style=measured;forum_global_sentiment=+0.000;forum_personal_sentiment=+0.000;forum_hot_board=mining;own_reputation=+0.00;forum_feed=no recent posts"
M32,honest,0.02445754,1,1,0,0.00000000,0.02500000,0.02631579,1.02217978,1.07597871,publish_if_win:38,publish_if_win,To disrupt rival miner M36 and maintain my position in the network.,"step=47592;miner_id=M32;is_selfish=false;event_kind=on_block_received;trigger_block_id=B40;hash_power=0.02446;local_public_height=37;private_lead=0;rivalry_pressure=0.0000;jam_target=M36;heads=M0:37,M1:37,M10:37,M11:38,M12:37,M13:37,M14:37,M15:38,M16:38,M17:37,M18:37,M19:38,M2:37,M20:37,M21:37,M22:37,M23:37,M24:37,M25:37,M26:37,M27:37,M28:37,M29:37,M3:37,M30:38,M31:37,M33:38,M34:37,M35:37,M36:38,M37:38,M38:37,M39:38,M4:38,M5:37,M6:37,M7:37,M8:37,M9:37;persona=M32_steady_fundamentalist;risk=0.48;aggression=0.35;patience=0.84;sociability=0.82;style=value_stability;narrative_style=measured;forum_global_sentiment=+0.000;forum_personal_sentiment=+0.000;forum_hot_board=mining;own_reputation=+0.00;forum_feed=no recent posts"
M33,honest,0.03241848,1,1,0,0.00000000,0.02500000,0.02631579,0.77116518,0.81175282,publish_if_win:38,publish_if_win,To disrupt rival miner M36 and maintain stability in the network.,"step=47577;miner_id=M33;is_selfish=false;event_kind=on_block_received;trigger_block_id=B40;hash_power=0.03242;local_public_height=37;private_lead=0;rivalry_pressure=0.0000;jam_target=M36;heads=M0:37,M1:37,M10:37,M11:37,M12:37,M13:37,M14:37,M15:37,M16:38,M17:37,M18:37,M19:37,M2:37,M20:37,M21:37,M22:37,M23:37,M24:37,M25:37,M26:37,M27:37,M28:37,M29:37,M3:37,M30:38,M31:37,M32:37,M34:37,M35:37,M36:37,M37:37,M38:37,M39:37,M4:37,M5:37,M6:37,M7:37,M8:37,M9:37;persona=M33_steady_fundamentalist;risk=0.37;aggression=0.34;patience=0.87;sociability=0.80;style=value_stability;narrative_style=measured;forum_global_sentiment=+0.000;forum_personal_sentiment=+0.000;forum_hot_board=mining;own_reputation=+0.00;forum_feed=no recent posts"
M34,honest,0.02238048,1,1,0,0.00000000,0.02500000,0.02631579,1.11704490,1.17583673,publish_if_win:36;hold:2,publish_if_win,To disrupt the rival miner's progress and maintain my position in the network.,"step=47602;miner_id=M34;is_selfish=false;event_kind=on_block_received;trigger_block_id=B40;hash_power=0.02238;local_public_height=38;private_lead=0;rivalry_pressure=0.0000;jam_target=M36;heads=M0:37,M1:38,M10:38,M11:38,M12:38,M13:38,M14:38,M15:38,M16:38,M17:38,M18:38,M19:38,M2:38,M20:38,M21:38,M22:38,M23:37,M24:38,M25:38,M26:38,M27:38,M28:38,M29:38,M3:38,M30:38,M31:38,M32:38,M33:38,M35:38,M36:38,M37:38,M38:38,M39:38,M4:38,M5:38,M6:38,M7:38,M8:37,M9:38;persona=M34_steady_fundamentalist;risk=0.39;aggression=0.37;patience=0.86;sociability=0.68;style=value_stability;narrative_style=measured;forum_global_sentiment=+0.000;forum_personal_sentiment=+0.000;forum_hot_board=mining;own_reputation=+0.00;forum_feed=no recent posts"
M35,honest,0.01361253,0,0,0,0.00000000,0.00000000,0.00000000,0.00000000,0.00000000,publish_if_win:38,publish_if_win,To disrupt the rival miner's progress and maintain my own position in the network.,"step=47596;miner_id=M35;is_selfish=false;event_kind=on_block_received;trigger_block_id=B40;hash_power=0.01361;local_public_height=38;private_lead=0;rivalry_pressure=0.0000;jam_target=M36;heads=M0:37,M1:37,M10:37,M11:38,M12:37,M13:37,M14:37,M15:38,M16:38,M17:38,M18:38,M19:38,M2:37,M20:37,M21:37,M22:38,M23:37,M24:38,M25:37,M26:38,M27:37,M28:38,M29:37,M3:38,M30:38,M31:37,M32:38,M33:38,M34:37,M36:38,M37:38,M38:38,M39:38,M4:38,M5:37,M6:37,M7:38,M8:37,M9:38;persona=M35_steady_fundamentalist;risk=0.45;aggression=0.27;patience=0.77;sociability=0.69;style=value_stability;narrative_style=measured;forum_global_sentiment=+0.000;forum_personal_sentiment=+0.000;forum_hot_board=mining;own_reputation=+0.00;forum_feed=no recent posts"
M36,honest,0.04882258,3,3,0,0.00000000,0.07500000,0.07894737,1.53617451,1.61702581,publish_if_win:38,publish_if_win,To disrupt the rival miner's progress and maintain stability in my mining operations.,"step=47586;miner_id=M36;is_selfish=false;event_kind=on_block_received;trigger_block_id=B40;hash_power=0.04882;local_public_height=37;private_lead=0;rivalry_pressure=0.0000;jam_target=M37;heads=M0:37,M1:37,M10:37,M11:38,M12:37,M13:37,M14:37,M15:38,M16:38,M17:37,M18:37,M19:38,M2:37,M20:37,M21:37,M22:37,M23:37,M24:37,M25:37,M26:37,M27:37,M28:37,M29:37,M3:37,M30:38,M31:37,M32:37,M33:38,M34:37,M35:37,M37:38,M38:37,M39:37,M4:38,M5:37,M6:37,M7:37,M8:37,M9:37;persona=M36_steady_fundamentalist;risk=0.30;aggression=0.33;patience=0.90;sociability=0.80;style=value_stability;narrative_style=measured;forum_global_sentiment=+0.000;forum_personal_sentiment=+0.000;forum_hot_board=mining;own_reputation=+0.00;forum_feed=no recent posts"
M37,honest,0.04872644,0,0,0,0.00000000,0.00000000,0.00000000,0.00000000,0.00000000,publish_if_win:37;hold:1,publish_if_win,To disrupt rival miner M36's progress and maintain my position.,"step=47586;miner_id=M37;is_selfish=false;event_kind=on_block_received;trigger_block_id=B40;hash_power=0.04873;local_public_height=37;private_lead=0;rivalry_pressure=0.0000;jam_target=M36;heads=M0:37,M1:37,M10:37,M11:38,M12:37,M13:37,M14:37,M15:38,M16:38,M17:37,M18:37,M19:38,M2:37,M20:37,M21:37,M22:37,M23:37,M24:37,M25:37,M26:37,M27:37,M28:37,M29:37,M3:37,M30:38,M31:37,M32:37,M33:38,M34:37,M35:37,M36:37,M38:37,M39:37,M4:38,M5:37,M6:37,M7:37,M8:37,M9:37;persona=M37_steady_fundamentalist;risk=0.48;aggression=0.27;patience=0.82;sociability=0.68;style=value_stability;narrative_style=measured;forum_global_sentiment=+0.000;forum_personal_sentiment=+0.000;forum_hot_board=mining;own_reputation=+0.00;forum_feed=no recent posts"
M38,honest,0.04111786,2,2,0,0.00000000,0.05000000,0.05263158,1.21601656,1.28001743,publish_if_win:38,publish_if_win,To disrupt rival miner M36's progress and maintain my position in the network.,"step=47594;miner_id=M38;is_selfish=false;event_kind=on_block_received;trigger_block_id=B40;hash_power=0.04112;local_public_height=37;private_lead=0;rivalry_pressure=0.0000;jam_target=M36;heads=M0:37,M1:37,M10:37,M11:38,M12:37,M13:37,M14:37,M15:38,M16:38,M17:38,M18:38,M19:38,M2:37,M20:37,M21:37,M22:38,M23:37,M24:37,M25:37,M26:37,M27:37,M28:38,M29:37,M3:37,M30:38,M31:37,M32:38,M33:38,M34:37,M35:37,M36:38,M37:38,M39:38,M4:38,M5:37,M6:37,M7:37,M8:37,M9:37;persona=M38_steady_fundamentalist;risk=0.40;aggression=0.38;patience=0.63;sociability=0.75;style=value_stability;narrative_style=measured;forum_global_sentiment=+0.000;forum_personal_sentiment=+0.000;forum_hot_board=mining;own_reputation=+0.00;forum_feed=no recent posts"
M39,honest,0.03463828,3,3,0,0.00000000,0.07500000,0.07894737,2.16523481,2.27919453,publish_if_win:38,publish_if_win,To disrupt the rival miner's progress and maintain my position in the network.,"step=47590;miner_id=M39;is_selfish=false;event_kind=on_block_received;trigger_block_id=B40;hash_power=0.03464;local_public_height=37;private_lead=0;rivalry_pressure=0.0000;jam_target=M36;heads=M0:37,M1:37,M10:37,M11:38,M12:37,M13:37,M14:37,M15:38,M16:38,M17:37,M18:37,M19:38,M2:37,M20:37,M21:37,M22:37,M23:37,M24:37,M25:37,M26:37,M27:37,M28:37,M29:37,M3:37,M30:38,M31:37,M32:37,M33:38,M34:37,M35:37,M36:38,M37:38,M38:37,M4:38,M5:37,M6:37,M7:37,M8:37,M9:37;persona=M39_steady_fundamentalist;risk=0.29;aggression=0.32;patience=0.74;sociability=0.54;style=value_stability;narrative_style=measured;forum_global_sentiment=+0.000;forum_personal_sentiment=+0.000;forum_hot_board=mining;own_reputation=+0.00;forum_feed=no recent posts"
